class,precision,recall,f1,support
Abuse,0.0,0.0,0.0,50.0
Assault,0.1016949152542373,0.12,0.11009174311926606,50.0
Fighting,0.4,0.08,0.13333333333333333,50.0
Normal_Videos,0.0,0.0,0.0,50.0
Robbery,0.19672131147540983,0.24,0.21621621621621623,50.0
Shooting,0.09183673469387756,0.18,0.12162162162162163,50.0
