class,precision,recall,f1,support
Abuse,0.0,0.0,0.0,2.0
Assault,0.0,0.0,0.0,3.0
Fighting,0.0,0.0,0.0,5.0
Normal_Videos,0.8860759493670886,0.9333333333333333,0.9090909090909091,150.0
Robbery,0.0,0.0,0.0,5.0
Shooting,0.6,0.13043478260869565,0.21428571428571427,23.0
