{
  "checkpoint": "experiments/vgg16/final_vgg16/checkpoints/best_bal_acc.pt",
  "model_name": "vgg16",
  "epoch": 1,
  "tag": "best_balanced_accuracy",
  "best_score_in_ckpt": 0.0,
  "temporal_aggregation": {
    "method": "mean_probs",
    "smoothing": "ema_probs",
    "smoothing_alpha": 0.7
  },
  "frame_level": {
    "accuracy": 0.021378314991881652,
    "balanced_accuracy": 0.12096101105343293,
    "macro_precision": 0.020803710944375817,
    "macro_recall": 0.12096101105343293,
    "macro_f1": 0.02636986838379571,
    "weighted_precision": 0.01073790105595923,
    "weighted_recall": 0.021378314991881652,
    "weighted_f1": 0.012597369621473281,
    "per_class": {
      "Abuse": {
        "precision": 0.0,
        "recall": 0.0,
        "f1": 0.0,
        "support": 297.0
      },
      "Assault": {
        "precision": 0.0,
        "recall": 0.0,
        "f1": 0.0,
        "support": 2657.0
      },
      "Fighting": {
        "precision": 0.00831916164912442,
        "recall": 0.14703493095044678,
        "f1": 0.015747346441621717,
        "support": 1231.0
      },
      "Normal_Videos": {
        "precision": 0.0,
        "recall": 0.0,
        "f1": 0.0,
        "support": 64952.0
      },
      "Robbery": {
        "precision": 0.00969491889569234,
        "recall": 0.43233532934131735,
        "f1": 0.018964566205248088,
        "support": 835.0
      },
      "Shooting": {
        "precision": 0.10680818512143814,
        "recall": 0.14639580602883356,
        "f1": 0.12350729765590447,
        "support": 7630.0
      }
    }
  },
  "video_level": {
    "accuracy": 0.05319148936170213,
    "balanced_accuracy": 0.15072463768115943,
    "macro_precision": 0.029735538734697694,
    "macro_recall": 0.15072463768115943,
    "macro_f1": 0.04599322913499158,
    "weighted_precision": 0.016300425293321166,
    "weighted_recall": 0.05319148936170213,
    "weighted_f1": 0.023887808431706695,
    "per_class": {
      "Abuse": {
        "precision": 0.0,
        "recall": 0.0,
        "f1": 0.0,
        "support": 2.0
      },
      "Assault": {
        "precision": 0.0,
        "recall": 0.0,
        "f1": 0.0,
        "support": 3.0
      },
      "Fighting": {
        "precision": 0.03333333333333333,
        "recall": 0.2,
        "f1": 0.05714285714285714,
        "support": 5.0
      },
      "Normal_Videos": {
        "precision": 0.0,
        "recall": 0.0,
        "f1": 0.0,
        "support": 150.0
      },
      "Robbery": {
        "precision": 0.024390243902439025,
        "recall": 0.4,
        "f1": 0.04597701149425287,
        "support": 5.0
      },
      "Shooting": {
        "precision": 0.1206896551724138,
        "recall": 0.30434782608695654,
        "f1": 0.1728395061728395,
        "support": 23.0
      }
    }
  }
}