epoch,train_loss,train_acc,val_loss,val_acc,val_balanced_acc,val_macro_f1,val_weighted_f1,lr
1,1.6404875535964967,0.332,3.085075674057007,0.0,0.0,0.0,0.0,0.0001
2,1.251174542427063,0.626,4.122218532562256,0.0,0.0,0.0,0.0,0.0001
3,0.9306280508041381,0.728,4.589933452606201,0.0,0.0,0.0,0.0,0.0001
