epoch,train_loss,train_acc,val_loss,val_acc,val_balanced_acc,val_macro_f1,val_weighted_f1,lr
1,1.4843372468948364,0.406,4.504039134979248,0.0,0.0,0.0,0.0,0.0001
2,0.886946346282959,0.717,6.135627155303955,0.0,0.0,0.0,0.0,0.0001
3,0.4303721857070923,0.885,7.105551719665527,0.0,0.0,0.0,0.0,0.0001
