epoch,train_loss,train_acc,val_loss,val_acc,val_balanced_acc,val_macro_f1,val_weighted_f1,lr
1,0.16606875776435648,0.9446571428571429,9.345197362627301,0.0,0.0,0.0,0.0,0.0001
2,0.02691866883624212,0.9902285714285715,10.330038812909807,0.0,0.0,0.0,0.0,0.0001
3,0.024134808871462674,0.9920285714285715,11.581622531345912,0.0,0.0,0.0,0.0,0.0001
4,0.020775158485559015,0.9934,13.313671743120466,0.0,0.0,0.0,0.0,5e-05
5,0.008462167666760589,0.9971142857142857,12.904265996660506,0.0,0.0,0.0,0.0,5e-05
6,0.006576394540826524,0.9975714285714286,14.017654859270369,0.0,0.0,0.0,0.0,5e-05
