epoch,train_loss,train_acc,val_loss,val_acc,val_balanced_acc,val_macro_f1,val_weighted_f1,val_video_loss,val_video_acc,val_video_balanced_acc,val_video_macro_f1,val_video_weighted_f1,val_num_videos,lr
1,0.2031551016231701,0.9331623573746467,5.072644354045831,0.23125659978880675,0.2744247460865081,0.1928770072660074,0.16002124397210904,5.085329307044572,0.717391304347826,0.3149102263856362,0.322268983618427,0.695863190452018,92,0.0001
2,0.04001877929842378,0.987438500994452,4.56889337773308,0.321805702217529,0.39126973657724934,0.3144707403010375,0.26171600176830806,4.573159023977761,0.6413043478260869,0.3644808743169399,0.3318704284221526,0.6539957294080232,92,0.0001
3,0.027959942050447283,0.9909714225897623,3.6560067022740528,0.33738120380147835,0.3874226516230987,0.32817539883903235,0.2967134453244409,3.6489627323533314,0.7282608695652174,0.42611241217798596,0.41750298685782555,0.7296283309957924,92,0.0001
4,0.03079052824637262,0.9900554799539412,4.367521050361544,0.2932946145723337,0.31825216385917227,0.2542398611920051,0.24508135777580692,4.395665769969775,0.7065217391304348,0.3427790788446526,0.3319565680221418,0.6918125352907961,92,0.0001
5,0.026653016335670597,0.9907620642730033,4.892606763930356,0.3455649419218585,0.38954627954513965,0.321362884490094,0.2923411860648121,4.891597604298416,0.6521739130434783,0.3474629195940671,0.32535103785103786,0.6671295190316929,92,0.0001
6,0.020484638122385213,0.9933790432324924,5.3504255530449,0.27085533262935585,0.3224550028016339,0.24283428822703038,0.202280122058699,5.342623239333929,0.6847826086956522,0.31588602654176423,0.3250130106687483,0.6751811594202898,92,5e-05
7,0.009170721125214758,0.997095153354967,5.793439462796687,0.25448785638859556,0.30491099480044304,0.22569132343758894,0.1842848684021695,5.788827837205865,0.7391304347826086,0.32954722872755665,0.34140524101154024,0.7206042179510169,92,5e-05
8,0.006353255155968908,0.9976185491468649,5.841623955316755,0.2729672650475185,0.3143538996551425,0.2356469045857915,0.20939455622443598,5.8638408186569135,0.7065217391304348,0.29992193598750977,0.2844457455113193,0.6875,92,5e-05
