epoch,train_loss,train_acc,val_loss,val_acc,val_balanced_acc,val_macro_f1,val_weighted_f1,lr
1,0.20239486357626707,0.9354129592798074,3.707531014364901,0.36034846884899685,0.38934088193481076,0.31847577689863504,0.31455019264270584,0.0001
2,0.04095102683424101,0.9868365958337695,4.317122744406164,0.2822069693769799,0.3313704498352092,0.24281404262441061,0.21241452185110735,0.0001
3,0.02775924959995087,0.9908929132209777,5.619034025460135,0.2911826821541711,0.3206132624290883,0.22833982305708098,0.22344574934852884,0.0001
4,0.03165041783194692,0.9901863289019156,6.30817634276377,0.26108764519535377,0.2865067978327099,0.1994584990726641,0.1930362241100714,5e-05
5,0.012146071610597236,0.9960745315607662,6.140294668666916,0.21356916578669483,0.24242836130373327,0.14570374289034174,0.13254016061309076,5e-05
6,0.010322182338056955,0.9965194179838794,5.493130704543407,0.28722280887011614,0.3157667219864346,0.24220843955186144,0.23052384269632994,5e-05
